{"cameraMode":{"drawMode":0,"name":"Shaded","section":"Shading Mode"},"sceneLighting":true,"audioPlay":false,"sceneViewState":{"showFog":true,"showMaterialUpdate":false,"showSkybox":true,"showFlares":true,"showImageEffects":true,"showParticleSystems":true},"in2DMode":false,"pivot":{"x":-0.11699928343296051,"y":2.178821563720703,"z":-3.5931167602539064},"rotation":{"x":-0.2583382725715637,"y":-0.00811748020350933,"z":0.0021708377171307804,"w":-0.966021716594696},"size":6.669076919555664,"orthographic":false}