{"cameraMode":{"drawMode":0,"name":"Shaded","section":"Shading Mode"},"sceneLighting":true,"audioPlay":false,"sceneViewState":{"showFog":true,"showMaterialUpdate":false,"showSkybox":true,"showFlares":true,"showImageEffects":true,"showParticleSystems":true},"in2DMode":false,"pivot":{"x":-0.3102804720401764,"y":3.3116602897644045,"z":-3.4625673294067385},"rotation":{"x":-0.324336439371109,"y":0.0005648984806612134,"z":-0.00019382695609238,"w":-0.9459426403045654},"size":9.59364128112793,"orthographic":false}