{"cameraMode":{"drawMode":0,"name":"Shaded","section":"Shading Mode"},"sceneLighting":true,"audioPlay":false,"sceneViewState":{"showFog":true,"showMaterialUpdate":false,"showSkybox":true,"showFlares":true,"showImageEffects":true,"showParticleSystems":true},"in2DMode":false,"pivot":{"x":0.37050408124923708,"y":2.155730724334717,"z":-2.6835007667541506},"rotation":{"x":-0.3705158233642578,"y":0.032589614391326907,"z":-0.013009641319513321,"w":-0.928164005279541},"size":4.367076396942139,"orthographic":false}