{"cameraMode":{"drawMode":0,"name":"Shaded","section":"Shading Mode"},"sceneLighting":true,"audioPlay":false,"sceneViewState":{"showFog":true,"showMaterialUpdate":false,"showSkybox":true,"showFlares":true,"showImageEffects":true,"showParticleSystems":true},"in2DMode":false,"pivot":{"x":0.5461249351501465,"y":2.1428165435791017,"z":-8.735594749450684},"rotation":{"x":-0.3844745457172394,"y":-0.027145851403474809,"z":0.011288858950138092,"w":-0.9226902723312378},"size":6.146415710449219,"orthographic":false}