{"cameraMode":{"drawMode":0,"name":"Shaded","section":"Shading Mode"},"sceneLighting":true,"audioPlay":false,"sceneViewState":{"showFog":true,"showMaterialUpdate":false,"showSkybox":true,"showFlares":true,"showImageEffects":true,"showParticleSystems":true},"in2DMode":false,"pivot":{"x":5.84366512298584,"y":1.6741790771484376,"z":-8.472261428833008},"rotation":{"x":-0.24056577682495118,"y":0.45370590686798098,"z":-0.12865428626537324,"w":-0.8483681678771973},"size":16.285032272338868,"orthographic":false}